election_type,congress,state_abbr,year,district,vote_republican,vote_democrat,vote_green,vote_libertarian,vote_writein,vote_total,percent_vote_republican,percent_vote_democrat,percent_vote_green,percent_vote_libertarian,percent_vote_writein
congressional,119,MD,2024,01,246356,154985,0,12664,675,414680,0.59409,0.37375,0,0.03054,0.00163
congressional,119,MD,2024,02,152079,223797,0,8169,749,384794,0.39522,0.5816,0,0.02123,0.00195
congressional,119,MD,2024,03,151186,236681,0,10471,862,399200,0.37872,0.59289,0,0.02623,0.00216
congressional,119,MD,2024,04,30454,239596,0,0,920,270970,0.11239,0.88422,0,0,0.0034
congressional,119,MD,2024,05,133985,283619,0,0,999,418603,0.32008,0.67754,0,0,0.00239
congressional,119,MD,2024,06,175974,199788,0,0,862,376624,0.46724,0.53047,0,0,0.00229
congressional,119,MD,2024,07,49799,232849,0,6840,649,290137,0.17164,0.80255,0,0.02358,0.00224
congressional,119,MD,2024,08,77821,292101,9612,0,786,380320,0.20462,0.76804,0.02527,0,0.00207
